<?xml version = "1.0" encoding = "utf-8"?>
<!DOCTYPE hibernate-configuration SYSTEM 
"http://www.hibernate.org/dtd/hibernate-configuration-3.0.dtd">
<hibernate-configuration>
	<session-factory>

		<property name="hibernate.dialect">
			org.hibernate.dialect.MySQL8Dialect
		</property>

		<property name="hibernate.connection.driver_class">
			com.mysql.cj.jdbc.Driver
		</property>

		<!-- Assume test is the database name -->

		<property name="hibernate.connection.url">
			jdbc:mysql://localhost:3306/luminous?serverTimezone=UTC

		</property>
		<property name="hibernate.show_sql">false</property>

		<!-- this will create the database tables for us -->
		<property name="hibernate.hbm2ddl.auto">update</property>
		<property name="hibernate.connection.username">
			root
		</property>

		<property name="hibernate.connection.password">
			Nimda_0000
		</property>

	
		<mapping class="com.luminous.integration.model.Favorite" />
		<mapping class="com.luminous.integration.model.Digimon" />

	</session-factory>

</hibernate-configuration>